ISRO_Instrument,Chandrayaan2_Pass_File,Crater_ID,Confidence,Real_Lunar_Latitude,Real_Lunar_Longitude,Latitude_Decimal,Longitude_Decimal,Real_Diameter_km,Spatial_Resolution_m_per_px,Center_X_px,Center_Y_px,Bounding_Box
ISRO IIR (Imaging Infrared Spectrometer),ch2_iir_nri_20200108T0600069064_b_brw_gds.png,CH2_Pass1_Crater#1,48.6%,27.23°S,0.00°W,-27.2345,-0.0041,280.25,250.0,87,7168,"[0, 6608, 174, 7729]"
ISRO IIR (Imaging Infrared Spectrometer),ch2_iir_nri_20200108T0600069064_b_brw_gds.png,CH2_Pass1_Crater#2,42.3%,21.33°S,0.00°W,-21.3308,-0.0041,433.25,250.0,87,6452,"[0, 5586, 174, 7319]"
ISRO IIR (Imaging Infrared Spectrometer),ch2_iir_nri_20200108T0600069064_b_brw_gds.png,CH2_Pass1_Crater#3,41.1%,24.36°N,0.00°W,24.3569,-0.0041,379.5,250.0,87,911,"[0, 152, 174, 1670]"
ISRO IIR (Imaging Infrared Spectrometer),ch2_iir_nri_20200108T0600069064_b_brw_gds.png,CH2_Pass1_Crater#4,36.5%,12.16°N,0.00°W,12.1619,-0.0041,413.5,250.0,87,2390,"[0, 1563, 174, 3217]"
ISRO IIR (Imaging Infrared Spectrometer),ch2_iir_nri_20200108T0600069064_b_brw_gds.png,CH2_Pass1_Crater#5,36.4%,12.57°S,0.00°W,-12.5742,-0.0041,442.0,250.0,87,5390,"[0, 4506, 174, 6274]"
ISRO IIR (Imaging Infrared Spectrometer),ch2_iir_nri_20200108T0600069064_b_brw_gds.png,CH2_Pass1_Crater#6,35.8%,3.24°S,0.00°W,-3.2404,-0.0041,461.25,250.0,87,4258,"[0, 3336, 174, 5181]"
ISRO IIR (Imaging Infrared Spectrometer),ch2_iir_nri_20200108T0600069064_b_brw_gds.png,CH2_Pass1_Crater#7,34.2%,4.06°N,0.00°W,4.065,-0.0041,431.0,250.0,87,3372,"[0, 2510, 174, 4234]"
ISRO IIR (Imaging Infrared Spectrometer),ch2_iir_nri_20200108T0600069064_b_brw_gds.png,CH2_Pass1_Crater#8,29.7%,28.78°N,0.00°W,28.7846,-0.0041,187.0,250.0,87,374,"[0, 0, 174, 748]"
ISRO IIR (Imaging Infrared Spectrometer),ch2_iir_nri_20200108T0600069064_b_brw_gds.png,CH2_Pass1_Crater#9,25.2%,18.63°N,0.00°W,18.6263,-0.0041,315.75,250.0,87,1606,"[0, 975, 174, 2238]"
ISRO IIR (Imaging Infrared Spectrometer),ch2_iir_nri_20200204T1820539437_b_brw_g26.png,CH2_Pass2_Crater#1,50.6%,28.53°N,0.00°W,28.529,-0.0041,176.75,250.0,87,353,"[0, 0, 174, 707]"
ISRO IIR (Imaging Infrared Spectrometer),ch2_iir_nri_20200204T1820539437_b_brw_g26.png,CH2_Pass2_Crater#2,47.3%,26.72°S,0.00°W,-26.7233,-0.0041,285.25,250.0,87,7054,"[0, 6484, 174, 7625]"
ISRO IIR (Imaging Infrared Spectrometer),ch2_iir_nri_20200204T1820539437_b_brw_g26.png,CH2_Pass2_Crater#3,40.3%,17.69°N,0.00°W,17.6946,-0.0041,377.25,250.0,87,1667,"[0, 913, 174, 2422]"
ISRO IIR (Imaging Infrared Spectrometer),ch2_iir_nri_20200204T1820539437_b_brw_g26.png,CH2_Pass2_Crater#4,39.4%,21.59°S,0.00°W,-21.5947,-0.0041,378.25,250.0,87,6432,"[0, 5676, 174, 7189]"
ISRO IIR (Imaging Infrared Spectrometer),ch2_iir_nri_20200204T1820539437_b_brw_g26.png,CH2_Pass2_Crater#5,39.3%,26.48°N,0.00°W,26.4759,-0.0041,296.25,250.0,87,602,"[0, 10, 174, 1195]"
ISRO IIR (Imaging Infrared Spectrometer),ch2_iir_nri_20200204T1820539437_b_brw_g26.png,CH2_Pass2_Crater#6,37.0%,11.34°N,0.00°W,11.3374,-0.0041,403.75,250.0,87,2438,"[0, 1631, 174, 3246]"
ISRO IIR (Imaging Infrared Spectrometer),ch2_iir_nri_20200204T1820539437_b_brw_g26.png,CH2_Pass2_Crater#7,32.4%,10.67°S,0.00°W,-10.6695,-0.0041,444.0,250.0,87,5107,"[0, 4219, 174, 5995]"
ISRO IIR (Imaging Infrared Spectrometer),ch2_iir_nri_20200204T1820539437_b_brw_g26.png,CH2_Pass2_Crater#8,31.0%,0.77°N,0.00°W,0.7668,-0.0041,425.75,250.0,87,3720,"[0, 2869, 174, 4572]"
ISRO IIR (Imaging Infrared Spectrometer),ch2_iir_nri_20210720T2333026105_b_brw_d32.png,CH2_Pass3_Crater#1,46.5%,24.30°S,0.00°W,-24.2991,-0.0041,242.75,250.0,87,6381,"[0, 5896, 174, 6867]"
ISRO IIR (Imaging Infrared Spectrometer),ch2_iir_nri_20210720T2333026105_b_brw_d32.png,CH2_Pass3_Crater#2,40.9%,10.28°N,0.00°W,10.282,-0.0041,339.25,250.0,87,2187,"[0, 1509, 174, 2866]"
ISRO IIR (Imaging Infrared Spectrometer),ch2_iir_nri_20210720T2333026105_b_brw_d32.png,CH2_Pass3_Crater#3,40.1%,19.06°S,0.00°W,-19.0633,-0.0041,376.25,250.0,87,5746,"[0, 4994, 174, 6499]"
ISRO IIR (Imaging Infrared Spectrometer),ch2_iir_nri_20210720T2333026105_b_brw_d32.png,CH2_Pass3_Crater#4,40.0%,25.59°N,0.00°W,25.5937,-0.0041,165.25,250.0,87,330,"[0, 0, 174, 661]"
ISRO IIR (Imaging Infrared Spectrometer),ch2_iir_nri_20210720T2333026105_b_brw_d32.png,CH2_Pass3_Crater#5,38.1%,21.67°N,0.00°W,21.6689,-0.0041,296.75,250.0,87,806,"[0, 213, 174, 1400]"
ISRO IIR (Imaging Infrared Spectrometer),ch2_iir_nri_20210720T2333026105_b_brw_d32.png,CH2_Pass3_Crater#6,38.1%,9.89°S,0.00°W,-9.8945,-0.0041,373.75,250.0,87,4634,"[0, 3887, 174, 5382]"
ISRO IIR (Imaging Infrared Spectrometer),ch2_iir_nri_20210720T2333026105_b_brw_d32.png,CH2_Pass3_Crater#7,37.6%,1.15°N,0.00°W,1.1461,-0.0041,380.0,250.0,87,3295,"[0, 2535, 174, 4055]"
ISRO IIR (Imaging Infrared Spectrometer),ch2_iir_nri_20210720T2333026105_b_brw_d32.png,CH2_Pass3_Crater#8,28.4%,15.20°N,0.00°W,15.1962,-0.0041,271.5,250.0,87,1591,"[0, 1048, 174, 2134]"
ISRO IIR (Imaging Infrared Spectrometer),ch2_iir_nri_20210720T2333026105_b_brw_d32.png,CH2_Pass3_Crater#9,25.3%,4.56°S,0.00°W,-4.5597,-0.0041,314.75,250.0,87,3987,"[0, 3358, 174, 4617]"
ISRO IIR (Imaging Infrared Spectrometer),ch2_iir_nri_20240524T1710004919_b_brw_d18.png,CH2_Pass4_Crater#1,45.6%,32.80°S,0.00°W,-32.8043,-0.0041,343.0,250.0,87,8644,"[0, 7958, 174, 9330]"
ISRO IIR (Imaging Infrared Spectrometer),ch2_iir_nri_20240524T1710004919_b_brw_d18.png,CH2_Pass4_Crater#2,36.1%,20.78°N,0.00°W,20.7825,-0.0041,474.0,250.0,87,2145,"[0, 1197, 174, 3093]"
ISRO IIR (Imaging Infrared Spectrometer),ch2_iir_nri_20240524T1710004919_b_brw_d18.png,CH2_Pass4_Crater#3,31.4%,11.47°N,0.00°W,11.4734,-0.0041,546.75,250.0,87,3274,"[0, 2181, 174, 4368]"
ISRO IIR (Imaging Infrared Spectrometer),ch2_iir_nri_20240524T1710004919_b_brw_d18.png,CH2_Pass4_Crater#4,30.3%,24.95°S,0.00°W,-24.9464,-0.0041,590.25,250.0,87,7691,"[0, 6511, 174, 8872]"
ISRO IIR (Imaging Infrared Spectrometer),ch2_iir_nri_20240524T1710004919_b_brw_d18.png,CH2_Pass4_Crater#5,30.2%,6.89°S,0.00°W,-6.889,-0.0041,563.75,250.0,87,5501,"[0, 4374, 174, 6629]"
ISRO IIR (Imaging Infrared Spectrometer),ch2_iir_nri_20240524T1710004919_b_brw_d18.png,CH2_Pass4_Crater#6,27.9%,29.05°N,0.00°W,29.0526,-0.0041,543.0,250.0,87,1142,"[0, 56, 174, 2228]"
ISRO IIR (Imaging Infrared Spectrometer),ch2_iir_nri_20250901T1227583326_b_brw_d18.png,CH2_Pass5_Crater#1,58.1%,20.31°N,0.00°W,20.3084,-0.0041,130.75,250.0,87,261,"[0, 0, 174, 523]"
ISRO IIR (Imaging Infrared Spectrometer),ch2_iir_nri_20250901T1227583326_b_brw_d18.png,CH2_Pass5_Crater#2,50.1%,19.39°S,0.00°W,-19.3931,-0.0041,185.25,250.0,87,5076,"[0, 4706, 174, 5447]"
ISRO IIR (Imaging Infrared Spectrometer),ch2_iir_nri_20250901T1227583326_b_brw_d18.png,CH2_Pass5_Crater#3,42.7%,13.74°N,0.00°W,13.7368,-0.0041,198.0,250.0,87,1058,"[0, 662, 174, 1454]"
ISRO IIR (Imaging Infrared Spectrometer),ch2_iir_nri_20250901T1227583326_b_brw_d18.png,CH2_Pass5_Crater#4,41.9%,17.33°N,0.00°W,17.3318,-0.0041,236.5,250.0,87,622,"[0, 149, 174, 1095]"
ISRO IIR (Imaging Infrared Spectrometer),ch2_iir_nri_20250901T1227583326_b_brw_d18.png,CH2_Pass5_Crater#5,39.6%,2.80°N,0.00°W,2.8034,-0.0041,216.0,250.0,87,2384,"[0, 1952, 174, 2816]"
ISRO IIR (Imaging Infrared Spectrometer),ch2_iir_nri_20250901T1227583326_b_brw_d18.png,CH2_Pass5_Crater#6,38.7%,7.36°S,0.00°W,-7.3631,-0.0041,241.5,250.0,87,3617,"[0, 3134, 174, 4100]"
ISRO IIR (Imaging Infrared Spectrometer),ch2_iir_nri_20250901T1227583326_b_brw_d18.png,CH2_Pass5_Crater#7,37.8%,7.58°N,0.00°W,7.5775,-0.0041,252.5,250.0,87,1805,"[0, 1300, 174, 2310]"
ISRO IIR (Imaging Infrared Spectrometer),ch2_iir_nri_20250901T1227583326_b_brw_d18.png,CH2_Pass5_Crater#8,36.7%,13.99°S,0.00°W,-13.9924,-0.0041,208.75,250.0,87,4421,"[0, 4004, 174, 4839]"
ISRO IIR (Imaging Infrared Spectrometer),ch2_iir_nri_20250901T1227583326_b_brw_d18.png,CH2_Pass5_Crater#9,27.5%,21.27°S,0.00°W,-21.2731,-0.0041,70.75,250.0,87,5304,"[0, 5163, 174, 5446]"
ISRO IIR (Imaging Infrared Spectrometer),ch2_iir_nri_20250901T1227583326_b_brw_d18.png,CH2_Pass5_Crater#10,27.4%,2.91°S,0.00°W,-2.9106,-0.0041,269.75,250.0,87,3077,"[0, 2538, 174, 3617]"
ISRO IIR (Imaging Infrared Spectrometer),ch2_iir_nri_20191230T2120101468_b_brw_d18.png,CH2_Pass6_Crater#1,45.3%,26.28°S,0.00°W,-26.278,-0.0041,278.5,250.0,87,6932,"[0, 6375, 174, 7489]"
ISRO IIR (Imaging Infrared Spectrometer),ch2_iir_nri_20191230T2120101468_b_brw_d18.png,CH2_Pass6_Crater#2,34.2%,15.45°N,0.00°W,15.4518,-0.0041,463.25,250.0,87,1871,"[0, 945, 174, 2798]"
ISRO IIR (Imaging Infrared Spectrometer),ch2_iir_nri_20191230T2120101468_b_brw_d18.png,CH2_Pass6_Crater#3,31.5%,19.95°S,0.00°W,-19.9456,-0.0041,449.25,250.0,87,6164,"[0, 5266, 174, 7063]"
ISRO IIR (Imaging Infrared Spectrometer),ch2_iir_nri_20191230T2120101468_b_brw_d18.png,CH2_Pass6_Crater#4,30.9%,23.12°N,0.00°W,23.1201,-0.0041,470.5,250.0,87,941,"[0, 0, 174, 1882]"
ISRO IIR (Imaging Infrared Spectrometer),ch2_iir_nri_20191230T2120101468_b_brw_d18.png,CH2_Pass6_Crater#5,28.4%,3.08°N,0.00°W,3.0838,-0.0041,486.0,250.0,87,3371,"[0, 2399, 174, 4343]"
ISRO IIR (Imaging Infrared Spectrometer),ch2_iir_nri_20191230T2120101468_b_brw_d18.png,CH2_Pass6_Crater#6,25.5%,10.05°S,0.00°W,-10.0511,-0.0041,482.75,250.0,87,4964,"[0, 3999, 174, 5930]"
ISRO IIR (Imaging Infrared Spectrometer),ch2_iir_nri_20210712T1444184106_b_brw_hw1.png,CH2_Pass7_Crater#1,55.9%,25.37°N,0.00°W,25.3669,-0.0041,150.5,250.0,87,301,"[0, 0, 174, 602]"
ISRO IIR (Imaging Infrared Spectrometer),ch2_iir_nri_20210712T1444184106_b_brw_hw1.png,CH2_Pass7_Crater#2,47.9%,23.74°S,0.00°W,-23.7426,-0.0041,248.25,250.0,87,6257,"[0, 5761, 174, 6754]"
ISRO IIR (Imaging Infrared Spectrometer),ch2_iir_nri_20210712T1444184106_b_brw_hw1.png,CH2_Pass7_Crater#3,44.2%,23.38°N,0.00°W,23.3798,-0.0041,267.75,250.0,87,542,"[0, 7, 174, 1078]"
ISRO IIR (Imaging Infrared Spectrometer),ch2_iir_nri_20210712T1444184106_b_brw_hw1.png,CH2_Pass7_Crater#4,42.8%,17.11°N,0.00°W,17.1133,-0.0041,326.75,250.0,87,1302,"[0, 649, 174, 1956]"
ISRO IIR (Imaging Infrared Spectrometer),ch2_iir_nri_20210712T1444184106_b_brw_hw1.png,CH2_Pass7_Crater#5,42.0%,14.66°S,0.00°W,-14.6562,-0.0041,364.0,250.0,87,5155,"[0, 4427, 174, 5883]"
ISRO IIR (Imaging Infrared Spectrometer),ch2_iir_nri_20210712T1444184106_b_brw_hw1.png,CH2_Pass7_Crater#6,41.5%,8.24°N,0.00°W,8.2413,-0.0041,381.25,250.0,87,2378,"[0, 1616, 174, 3141]"
ISRO IIR (Imaging Infrared Spectrometer),ch2_iir_nri_20210712T1444184106_b_brw_hw1.png,CH2_Pass7_Crater#7,36.7%,0.04°S,0.00°W,-0.0371,-0.0041,405.5,250.0,87,3382,"[0, 2571, 174, 4193]"
ISRO IIR (Imaging Infrared Spectrometer),ch2_iir_nri_20210712T1444184106_b_brw_hw1.png,CH2_Pass7_Crater#8,36.0%,6.87°S,0.00°W,-6.8725,-0.0041,362.75,250.0,87,4211,"[0, 3486, 174, 4937]"
ISRO IIR (Imaging Infrared Spectrometer),ch2_iir_nri_20210712T1444184106_b_brw_hw1.png,CH2_Pass7_Crater#9,31.3%,19.82°S,0.00°W,-19.8178,-0.0041,294.25,250.0,87,5781,"[0, 5193, 174, 6370]"
ISRO IIR (Imaging Infrared Spectrometer),ch2_iir_nri_20240516T0107451214_b_brw_d18.png,CH2_Pass8_Crater#1,45.2%,29.49°S,0.00°W,-29.4855,-0.0041,305.75,250.0,87,7765,"[0, 7154, 174, 8377]"
ISRO IIR (Imaging Infrared Spectrometer),ch2_iir_nri_20240516T0107451214_b_brw_d18.png,CH2_Pass8_Crater#2,39.5%,29.02°N,0.00°W,29.0237,-0.0041,329.25,250.0,87,669,"[0, 11, 174, 1328]"
ISRO IIR (Imaging Infrared Spectrometer),ch2_iir_nri_20240516T0107451214_b_brw_d18.png,CH2_Pass8_Crater#3,37.9%,19.21°N,0.00°W,19.2117,-0.0041,421.5,250.0,87,1859,"[0, 1016, 174, 2702]"
ISRO IIR (Imaging Infrared Spectrometer),ch2_iir_nri_20240516T0107451214_b_brw_d18.png,CH2_Pass8_Crater#4,35.7%,31.27°N,0.00°W,31.2747,-0.0041,198.0,250.0,87,396,"[0, 0, 174, 792]"
ISRO IIR (Imaging Infrared Spectrometer),ch2_iir_nri_20240516T0107451214_b_brw_d18.png,CH2_Pass8_Crater#5,35.6%,19.81°S,0.00°W,-19.8054,-0.0041,482.75,250.0,87,6591,"[0, 5626, 174, 7557]"
ISRO IIR (Imaging Infrared Spectrometer),ch2_iir_nri_20240516T0107451214_b_brw_d18.png,CH2_Pass8_Crater#6,35.5%,3.39°N,0.00°W,3.3889,-0.0041,487.0,250.0,87,3778,"[0, 2804, 174, 4752]"
ISRO IIR (Imaging Infrared Spectrometer),ch2_iir_nri_20240516T0107451214_b_brw_d18.png,CH2_Pass8_Crater#7,34.4%,10.22°S,0.00°W,-10.216,-0.0041,469.25,250.0,87,5428,"[0, 4490, 174, 6367]"
ISRO IIR (Imaging Infrared Spectrometer),ch2_iir_nri_20240516T0107451214_b_brw_d18.png,CH2_Pass8_Crater#8,30.7%,11.32°N,0.00°W,11.3209,-0.0041,512.75,250.0,87,2816,"[0, 1791, 174, 3842]"
ISRO IIR (Imaging Infrared Spectrometer),ch2_iir_nri_20240612T0843061256_b_brw_d18.png,CH2_Pass9_Crater#1,45.7%,35.81°S,0.00°W,-35.8097,-0.0041,351.75,250.0,87,9391,"[0, 8688, 174, 10095]"
ISRO IIR (Imaging Infrared Spectrometer),ch2_iir_nri_20240612T0843061256_b_brw_d18.png,CH2_Pass9_Crater#2,33.7%,24.74°S,0.00°W,-24.7444,-0.0041,573.0,250.0,87,8049,"[0, 6903, 174, 9195]"
ISRO IIR (Imaging Infrared Spectrometer),ch2_iir_nri_20240612T0843061256_b_brw_d18.png,CH2_Pass9_Crater#3,32.7%,27.48°N,0.00°W,27.4819,-0.0041,615.0,250.0,87,1715,"[0, 485, 174, 2945]"
ISRO IIR (Imaging Infrared Spectrometer),ch2_iir_nri_20240612T0843061256_b_brw_d18.png,CH2_Pass9_Crater#4,32.4%,12.33°S,0.00°W,-12.3268,-0.0041,573.0,250.0,87,6543,"[0, 5397, 174, 7689]"
ISRO IIR (Imaging Infrared Spectrometer),ch2_iir_nri_20240612T0843061256_b_brw_d18.png,CH2_Pass9_Crater#5,31.0%,1.95°S,0.00°W,-1.9542,-0.0041,616.75,250.0,87,5285,"[0, 4052, 174, 6519]"
ISRO IIR (Imaging Infrared Spectrometer),ch2_iir_nri_20240612T0843061256_b_brw_d18.png,CH2_Pass9_Crater#6,30.3%,12.65°N,0.00°W,12.6484,-0.0041,578.5,250.0,87,3514,"[0, 2357, 174, 4671]"
ISRO IIR (Imaging Infrared Spectrometer),ch2_iir_nri_20240612T0843061256_b_brw_d18.png,CH2_Pass9_Crater#7,30.3%,35.41°N,0.00°W,35.4139,-0.0041,376.5,250.0,87,753,"[0, 0, 174, 1506]"
