Crater_ID,Confidence,Center_X_px,Center_Y_px,Width_px,Height_px,Bounding_Box
Crater #1,89.1%,610,699,269,270,"[476, 564, 745, 834]"
Crater #2,89.1%,395,749,207,206,"[292, 646, 499, 852]"
Crater #3,89.0%,570,266,493,485,"[324, 24, 817, 509]"
Crater #4,88.4%,937,683,160,161,"[857, 603, 1017, 764]"
Crater #5,87.2%,826,257,275,276,"[689, 119, 964, 395]"
Crater #6,86.6%,641,803,160,162,"[561, 722, 721, 884]"
Crater #7,86.3%,153,831,211,207,"[48, 728, 259, 935]"
Crater #8,86.2%,108,614,217,226,"[0, 501, 217, 727]"
Crater #9,86.0%,98,434,166,168,"[15, 350, 181, 518]"
Crater #10,85.4%,97,279,173,173,"[11, 193, 184, 366]"
Crater #11,85.3%,724,185,129,128,"[660, 121, 789, 249]"
Crater #12,84.9%,834,570,368,373,"[650, 384, 1018, 757]"
Crater #13,83.8%,903,395,170,168,"[818, 311, 988, 479]"
Crater #14,83.2%,271,650,495,492,"[24, 404, 519, 896]"
Crater #15,82.8%,386,120,224,222,"[274, 9, 498, 231]"
Crater #16,82.6%,882,585,118,118,"[823, 526, 941, 644]"
Crater #17,82.0%,261,384,286,290,"[118, 239, 404, 529]"
Crater #18,81.1%,133,107,234,213,"[16, 1, 250, 214]"
Crater #19,80.1%,918,919,210,207,"[813, 816, 1023, 1023]"
Crater #20,80.1%,767,698,163,163,"[686, 617, 849, 780]"
Crater #21,79.8%,546,790,187,185,"[453, 698, 640, 883]"
Crater #22,79.5%,531,374,199,198,"[432, 275, 631, 473]"
Crater #23,78.4%,420,306,302,301,"[269, 156, 571, 457]"
Crater #24,76.8%,335,709,157,159,"[257, 630, 414, 789]"
Crater #25,76.4%,911,86,144,142,"[839, 15, 983, 157]"
Crater #26,76.4%,104,770,209,406,"[0, 567, 209, 973]"
Crater #27,75.9%,90,192,160,159,"[10, 113, 170, 272]"
Crater #28,75.9%,488,839,484,367,"[246, 656, 730, 1023]"
Crater #29,75.6%,948,196,133,131,"[882, 131, 1015, 262]"
Crater #30,75.3%,857,53,109,104,"[803, 1, 912, 105]"
Crater #31,74.6%,885,162,109,109,"[831, 108, 940, 217]"
Crater #32,73.9%,396,49,95,93,"[349, 3, 444, 96]"
Crater #33,73.9%,737,424,75,73,"[700, 388, 775, 461]"
Crater #34,73.8%,473,632,255,257,"[346, 504, 601, 761]"
Crater #35,73.6%,632,137,256,254,"[504, 10, 760, 264]"
Crater #36,73.5%,720,597,136,137,"[652, 529, 788, 666]"
Crater #37,73.5%,458,44,100,88,"[408, 0, 508, 88]"
Crater #38,73.5%,297,615,111,108,"[242, 561, 353, 669]"
Crater #39,73.1%,112,963,163,120,"[31, 903, 194, 1023]"
Crater #40,72.5%,162,300,324,547,"[0, 27, 324, 574]"
Crater #41,71.9%,552,558,91,90,"[507, 513, 598, 603]"
Crater #42,71.8%,222,869,72,71,"[186, 834, 258, 905]"
Crater #43,71.8%,489,751,146,145,"[416, 679, 562, 824]"
Crater #44,71.5%,781,96,186,183,"[688, 5, 874, 188]"
Crater #45,71.4%,942,504,121,122,"[882, 443, 1003, 565]"
Crater #46,71.1%,700,682,469,490,"[466, 437, 935, 927]"
Crater #47,70.7%,76,545,150,166,"[1, 462, 151, 628]"
Crater #48,70.6%,194,700,267,273,"[61, 564, 328, 837]"
Crater #49,70.5%,268,889,341,267,"[98, 756, 439, 1023]"
Crater #50,70.2%,254,309,170,172,"[169, 223, 339, 395]"
Crater #51,68.3%,155,779,117,118,"[97, 720, 214, 838]"
Crater #52,68.3%,304,965,165,115,"[222, 908, 387, 1023]"
Crater #53,67.7%,506,81,188,163,"[412, 0, 600, 163]"
Crater #54,67.5%,484,936,277,173,"[346, 850, 623, 1023]"
Crater #55,67.1%,975,468,89,96,"[931, 420, 1020, 516]"
Crater #56,66.6%,244,65,119,115,"[185, 8, 304, 123]"
Crater #57,66.5%,643,938,231,170,"[528, 853, 759, 1023]"
Crater #58,65.2%,704,118,84,83,"[662, 77, 746, 160]"
Crater #59,65.0%,653,425,118,119,"[594, 366, 712, 485]"
Crater #60,63.5%,168,384,145,146,"[96, 311, 241, 457]"
Crater #61,62.8%,677,417,391,388,"[482, 223, 873, 611]"
Crater #62,62.8%,674,633,88,88,"[630, 589, 718, 677]"
Crater #63,62.0%,834,426,293,305,"[688, 274, 981, 579]"
Crater #64,61.8%,952,260,134,138,"[885, 191, 1019, 329]"
Crater #65,61.2%,495,692,102,102,"[444, 641, 546, 743]"
Crater #66,59.9%,397,447,226,220,"[284, 337, 510, 557]"
Crater #67,59.8%,76,339,104,104,"[24, 287, 128, 391]"
Crater #68,59.1%,99,814,94,97,"[52, 766, 146, 863]"
Crater #69,58.6%,698,459,129,130,"[634, 394, 763, 524]"
Crater #70,58.5%,380,555,240,242,"[260, 434, 500, 676]"
Crater #71,58.4%,201,497,319,321,"[42, 337, 361, 658]"
Crater #72,57.3%,379,678,92,92,"[333, 632, 425, 724]"
Crater #73,57.2%,599,43,91,86,"[554, 0, 645, 86]"
Crater #74,57.1%,80,909,155,159,"[3, 830, 158, 989]"
Crater #75,56.7%,875,742,119,117,"[816, 684, 935, 801]"
Crater #76,56.3%,694,515,191,195,"[599, 418, 790, 613]"
Crater #77,55.2%,894,809,109,112,"[840, 753, 949, 865]"
Crater #78,55.0%,367,623,159,164,"[288, 541, 447, 705]"
Crater #79,54.8%,346,379,135,135,"[279, 312, 414, 447]"
Crater #80,54.5%,857,325,147,152,"[784, 249, 931, 401]"
Crater #81,54.4%,392,971,114,103,"[335, 920, 449, 1023]"
Crater #82,54.0%,325,55,88,88,"[281, 11, 369, 99]"
Crater #83,53.7%,438,763,69,68,"[404, 729, 473, 797]"
Crater #84,53.7%,491,992,158,62,"[412, 961, 570, 1023]"
Crater #85,53.1%,888,696,80,80,"[848, 656, 928, 736]"
Crater #86,53.0%,292,145,195,196,"[195, 47, 390, 243]"
Crater #87,52.8%,305,186,111,112,"[250, 130, 361, 242]"
Crater #88,52.7%,437,665,96,94,"[389, 618, 485, 712]"
Crater #89,52.2%,764,210,102,99,"[713, 161, 815, 260]"
Crater #90,52.1%,983,292,80,106,"[943, 239, 1023, 345]"
Crater #91,52.0%,510,461,164,160,"[428, 381, 592, 541]"
Crater #92,51.6%,989,845,68,148,"[955, 771, 1023, 919]"
Crater #93,50.8%,707,72,132,131,"[641, 7, 773, 138]"
Crater #94,50.8%,68,120,117,116,"[10, 62, 127, 178]"
Crater #95,49.9%,805,838,255,254,"[678, 711, 933, 965]"
Crater #96,49.1%,44,953,89,139,"[0, 884, 89, 1023]"
Crater #97,48.5%,833,951,219,144,"[724, 879, 943, 1023]"
Crater #98,47.2%,45,795,90,253,"[0, 669, 90, 922]"
Crater #99,47.0%,42,478,85,95,"[0, 431, 85, 526]"
Crater #100,46.8%,983,54,80,109,"[943, 0, 1023, 109]"
Crater #101,46.8%,884,762,277,514,"[746, 505, 1023, 1019]"
Crater #102,46.7%,157,990,121,65,"[97, 958, 218, 1023]"
Crater #103,46.4%,289,220,69,70,"[255, 185, 324, 255]"
Crater #104,46.4%,242,265,100,99,"[192, 216, 292, 315]"
Crater #105,45.3%,62,59,125,119,"[0, 0, 125, 119]"
Crater #106,45.2%,886,978,129,89,"[822, 934, 951, 1023]"
